Site,Lon,Lat
UL_CMO013E_AGG,105.508582,10.427841
UL_CMO014E_AGG,105.535991,10.448853
UL_CMO098E_AGG,105.479597,10.361482
UL_TCH005E_AGG,105.147241,10.725792
UL_CMO067M_AGG,105.470962,10.460091
UL_CMO068M_AGG,105.450712,10.451052
UL_CMO069M_AGG,105.467589,10.420976
UL_TCH047M_AGG,105.20931,10.81789
UL_CDO042M_AGG,105.085953,10.684116
UL_TCH028M_AGG,105.15947,10.77857
UL_CPH062M_AGG,105.188179,10.661111
UL_CPH065M_AGG,105.215842,10.605193
UL_LXU068M_AGG,105.44575,10.322889
UL_LXU072M_AGG,105.46693,10.3156
UL_CPH066M_AGG,105.241084,10.527878
UL_CPH064M_AGG,105.243992,10.561176
UL_CDO007E_AGG,105.10221,10.70995
UL_CDO012E_AGG,105.113953,10.702116
4G-CDO011E-AGG,105.120222,10.710483
UL_TCH017E_AGG,105.149512,10.774562
UL_LXU021E_AGG,105.41448,10.39419
UL_CMO012E_AGG,105.4563,10.39442
UL_CMO010E_AGG,105.373856,10.529978
UL_CMO015E_AGG,105.379652,10.559055
UL_LXU004E_AGG,105.41586,10.38292
UL_LXU007E_AGG,105.428169,10.389853
UL_LXU006E_AGG,105.439716,10.388285
UL_CMO065E_AGG,105.45191,10.4427
UL_CMO017E_AGG,105.431575,10.509144
UL_PTA003E_AGG,105.344713,10.714821
UL_TCH023E_AGG,105.23231,10.793877
UL_PTA002E_AGG,105.2803,10.59175
UL_PTA021E_AGG,105.33612,10.56684
UL_PTA023E_AGG,105.3475,10.56262
UL_CMO021E_AGG,105.49065,10.50673
UL_PTA014E_AGG,105.30859,10.59341
UL_TCH034E_AGG,105.188586,10.753753
UL_PTA016E_AGG,105.362534,10.578594
UL_TCH016E_AGG,105.235672,10.799011
UL_PTA009E_AGG,105.342681,10.621061
UL_TCH007E_AGG,105.227193,10.786363
UL_CDO024E_AGG,105.126283,10.706722
UL_CDO025E_AGG,105.092982,10.685343
UL_CDO023E_AGG,105.070582,10.674863
UL_PTA054E_AGG,105.353785,10.599342
UL_PTA030E_AGG,105.254512,10.576182
UL_PTA012E_AGG,105.249464,10.593114
UL_APH018E_AGG,105.115596,10.763543
UL_PTA020E_AGG,105.286114,10.630337
UL_PTA015E_AGG,105.233307,10.725546
UL_PTA022E_AGG,105.274994,10.724661
UL_TCH015E_AGG,105.243544,10.798993
UL_PTA024E_AGG,105.155412,10.706453
UL_APH001E_AGG,105.092556,10.813736
UL_APH026E_AGG,105.131464,10.777143
UL_CMO031E_AGG,105.529237,10.498044
UL_APH016E_AGG,105.102496,10.786323
4G-APH022E-AGG,105.053912,10.863856
4G-LXU040E-AGG,105.419851,10.360992
4G-LXU023E-AGG,105.380066,10.381534
UL_CMO026E_AGG,105.33018,10.53952
UL_CMO035E_AGG,105.34232,10.5142
UL_CMO025E_AGG,105.35506,10.49093
UL_CMO036E_AGG,105.397593,10.476525
UL_LXU078E_AGG,105.435321,10.367107
UL_CMO099E_AGG,105.387637,10.458791
UL_APH023E_AGG,105.080112,10.931771
UL_CDO004E_AGG,105.083774,10.673096
UL_APH011E_AGG,105.081233,10.858673
4G-TBI010E-AGG,105.000414,10.619614
UL_CDO015E_AGG,105.082022,10.681324
4G-TBI006E-AGG,104.989554,10.642943
UL_LXU029E_AGG,105.444033,10.373661
UL_PTA013E_AGG,105.168041,10.703571
UL_CDO060E_AGG,105.130672,10.692308
UL_LXU020E_AGG,105.445725,10.381471
UL_LXU026E_AGG,105.439922,10.383166
UL_LXU043E_AGG,105.47606,10.33696
4G-LXU079E-AGG,105.47786,10.31692
UL_CDO005E_AGG,105.132782,10.702911
4G-APH004E-AGG,105.058314,10.914724
UL_APH027E_AGG,105.101616,10.854362
UL_LXU067E_AGG,105.44435,10.4243
UL_LXU083E_AGG,105.42057,10.41773
UL_CTH004E_AGG,105.380318,10.429669
UL_CTH005E_AGG,105.367124,10.445054
UL_APH029E_AGG,105.095051,10.873613
UL_CTH200E_AGG,105.342552,10.454707
UL_CPH017E_AGG,105.194016,10.682844
UL_APH010E_AGG,105.122964,10.883652
UL_PTA031E_AGG,105.26788,10.6136
UL_CMO034E_AGG,105.50416,10.52491
UL_CMO028E_AGG,105.47982,10.52524
UL_CMO009E_AGG,105.458014,10.541206
UL_CMO006E_AGG,105.436055,10.548833
UL_CPH025E_AGG,105.209726,10.615722
UL_CMO007E_AGG,105.40247,10.54974
UL_CMO030E_AGG,105.502558,10.486418
4G-LXU073E-AGG,105.444797,10.35128
UL_TCH019E_AGG,105.181041,10.895521
UL_CPH071E_AGG,105.23683,10.58062
UL_CPH028E_AGG,105.245092,10.569561
UL_CDO020E_AGG,105.148323,10.686856
UL_LXU034E_AGG,105.455467,10.359706
UL_LXU041E_AGG,105.48254,10.33183
UL_LXU055E_AGG,105.433716,10.403387
UL_CPH013E_AGG,105.266146,10.555816
4G-APH021E-AGG,105.063313,10.933834
4G-TBI015E-AGG,104.958664,10.625341
4G-LXU037E-AGG,105.40675,10.39646
UL_LXU063E_AGG,105.423487,10.39878
4G-TBI019E-AGG,104.949544,10.602163
UL_CTH006E_AGG,105.391052,10.441154
UL_CTH007E_AGG,105.335118,10.48945
UL_CPH011E_AGG,105.322992,10.519612
UL_CMO018E_AGG,105.452471,10.49249
UL_LXU111E_AGG,105.46952,10.34794
UL_TCH004E_AGG,105.168044,10.733874
UL_PTA037E_AGG,105.35088,10.5785
UL_CDO003E_AGG,105.113021,10.713713
UL_APH003E_AGG,105.080416,10.893836
UL_APH006E_AGG,105.113051,10.957464
UL_APH007E_AGG,105.082171,10.952234
UL_LXU094E_AGG,105.4176,10.4328
UL_TCH021E_AGG,105.178253,10.907924
UL_PTA028E_AGG,105.267512,10.656472
UL_LXU027E_AGG,105.43504,10.39203
UL_CDO018E_AGG,105.098633,10.695684
UL_CPH024E_AGG,105.221336,10.595361
UL_LXU001E_AGG,105.433852,10.377739
UL_LXU033E_AGG,105.43397,10.4325
UL_OMO022M_CTO,105.5976,10.1808
UL_CDO059M_CTO,105.4536,10.1137
UL_OMO047M_CTO,105.6173,10.13266
UL_CRA078M_CTO,105.7848,10.0104
UL_CRA079M_CTO,105.8122,9.996901
UL_CRA077M_CTO,105.80328,9.996337
UL_CRA080M_CTO,105.7903,10.0006
UL_NKI104M_CTO,105.7491,10.0226
UL_NKI100E_CTO,105.782738,10.061704
UL_NKI129E_CTO,105.73455,10.0156
4G-NKI137E-CTO,105.77558,10.06166
UL_OMO003E_CTO,105.67184,10.10517
UL_OMO004E_CTO,105.65416,10.14604
UL_TNO015E_CTO,105.58676,10.21279
UL_TNO027E_CTO,105.57311,10.22825
UL_NKI027E_CTO,105.77305,10.02506
UL_CRA027E_CTO,105.765808,9.997953
UL_NKI158E_CTO,105.77835,10.0342
UL_NKI101E_CTO,105.79363,10.04085
UL_CRA004E_CTO,105.810629,10.002353
UL_CRA018E_CTO,105.80093,10.006455
UL_NKI136E_CTO,105.77867,10.02804
UL_NKI044E_CTO,105.760101,10.04527
4G-CRA012E-CTO,105.760996,9.958454
UL_CRA017E_CTO,105.793788,10.014184
UL_CRA007E_CTO,105.758757,10.002096
UL_NKI020E_CTO,105.76244,10.01105
UL_CRA024E_CTO,105.780901,9.98358
UL_CRA022E_CTO,105.802714,9.979926
UL_TNO005E_CTO,105.48756,10.31488
UL_TNO011E_CTO,105.55112,10.23874
UL_OMO010E_CTO,105.627901,10.16232
UL_TNO004E_CTO,105.50309,10.30508
UL_CRA005E_CTO,105.793366,10.007207
UL_NKI003E_CTO,105.77732,10.0489
UL_CRA011E_CTO,105.793175,9.991273
UL_NKI004E_CTO,105.77779,10.04206
UL_TNO039E_CTO,105.57027,10.21475
UL_CRA023E_CTO,105.754495,9.974889
UL_CRA035E_CTO,105.77785,10.01205
UL_NKI010E_CTO,105.76495,10.01727
UL_NKI102E_CTO,105.75485,10.02044
UL_NKI015E_CTO,105.78729,10.05097
UL_NKI007E_CTO,105.78751,10.03455
UL_OMO008E_CTO,105.69073,10.09994
UL_CRA028E_CTO,105.792018,10.033018
UL_CRA039E_CTO,105.786122,10.018439
UL_NKI042E_CTO,105.75285,10.04178
UL_NKI077E_CTO,105.760929,10.024898
4G-PDI001E-CTO,105.68947,10.026901
UL_PDI008E_CTO,105.71793,9.99577
UL_CRA054E_CTO,105.782309,10.001525
UL_BTH013E_CTO,105.721905,10.042609
UL_BTH010E_CTO,105.713619,10.056749
4G-BTH017E-CTO,105.686241,10.07839
UL_BTH031E_CTO,105.704567,10.099862
UL_BTH015E_CTO,105.742072,10.078889
UL_NKI160E_CTO,105.74819,10.031713
UL_OMO006E_CTO,105.67896,10.129301
UL_NKI014E_CTO,105.76658,10.04768
UL_TNO002E_CTO,105.553401,10.27307
UL_TNO021E_CTO,105.532101,10.28671
UL_BTH018E_CTO,105.714119,10.100269
UL_PDI011E_CTO,105.71383,9.98324
4G-BTH061E-CTO,105.713521,10.076805
UL_BTH049E_CTO,105.73685,10.073416
UL_BTH027E_CTO,105.748058,10.066818
UL_BTH037E_CTO,105.70444,10.01615
UL_NKI090E_CTO,105.78708,10.04315
UL_NKI084E_CTO,105.72463,10.008009
UL_NKI009E_CTO,105.75401,10.03145
UL_NKI008E_CTO,105.76035,10.03817
UL_NKI006E_CTO,105.788097,10.038449
UL_NKI046E_CTO,105.76835,10.03294
UL_BTH030E_CTO,105.74708,10.058991
UL_NKI051E_CTO,105.74215,10.00431
UL_TNO008E_CTO,105.53325,10.27207
UL_TNO019E_CTO,105.50531,10.29672
UL_OMO015E_CTO,105.60966,10.18903
UL_BTH021E_CTO,105.76669,10.063681
4G-PDI004E-CTO,105.69102,9.98494
4G-SDE003E-DTP,105.75784,10.30125
4G-SDE011E-DTP,105.77121,10.286401
4G-SDE023E-DTP,105.76669,10.29998
4G-CLA020E-DTP,105.64294,10.45285
4G-CLA003E-DTP,105.628491,10.458011
4G-SDE017E-DTP,105.77152,10.29296
4G-CLA041M-DTP,105.635799,10.45253
4G-CLA050M-DTP,105.63071,10.46239
4G-SDE013M-DTP,105.74985,10.29137
4G-SDE016M-DTP,105.76119,10.29419
UL_CGA011M_TGG,106.42803,10.39011
UL_CBE041M_TGG,105.894364,10.283553
UL_MTH059M_TGG,106.32999,10.37786
UL_CGA046M_TGG,106.42903,10.37539
UL_TNO038M_DTP,105.63356,10.79541
UL_HNG065M_DTP,105.35467,10.817578
UL_CLA083M_DTP,105.670645,10.416474
UL_HCL065M_DTP,105.815562,10.304548
UL_CTH004M_DTP,105.822646,10.286934
UL_LVO066M_DTP,105.69477,10.378883
UL_TBI047M_DTP,105.491405,10.543894
UL_CLA082M_DTP,105.626341,10.428263
UL_TMU062M_DTP,105.789,10.642028
UL_LVO061M_DTP,105.5413,10.3503
UL_THO047M_DTP,105.47914,10.943667
UL_HNG069M_DTP,105.35151,10.839825
UL_HNG068M_DTP,105.32116,10.80284
UL_HHN042M_DTP,105.31441,10.78668
UL_HNG067M_DTP,105.277833,10.765111
UL_TNO036M_DTP,105.417436,10.693002
UL_MTH019E_TGG,106.36597,10.35323
UL_MTH104E_TGG,106.3782,10.3624
4G-CBE002E-TGG,105.8914,10.31391
4G-CBE095E-TGG,105.89038,10.32339
UL_MTH103E_TGG,106.38249,10.368897
UL_CTH037E_TGG,106.21825,10.42172
4G-CBE004E-TGG,105.91017,10.33233
4G-CTH013E-TGG,106.2455,10.42097
UL_MTH011E_TGG,106.37471,10.35179
UL_MTH114E_TGG,106.36411,10.379582
4G-CTH007E-TGG,106.24451,10.38094
4G-CBE021E-TGG,105.93299,10.34559
4G-CTH009E-TGG,106.24482,10.32644
UL_MTH002E_TGG,106.350669,10.389695
UL_CTH101E_TGG,106.363456,10.489742
UL_CTH070E_TGG,106.36082,10.48591
UL_CTH096E_TGG,106.35754,10.48246
UL_CTH097E_TGG,106.35785,10.48794
4G-CTH029E-TGG,106.24438,10.35742
UL_MTH130E_TGG,106.363939,10.35746
UL_MTH023E_TGG,106.35798,10.35302
UL_MTH040E_TGG,106.36767,10.35658
4G-CBE019E-TGG,105.95192,10.35418
4G-CBE096E-TGG,105.9052,10.27975
4G-CBE011E-TGG,106.01082,10.39629
4G-HCL036E-TGG,106.06434,10.41178
4G-CBE001E-TGG,106.01647,10.36351
UL_CTH701E_TGG,106.36377,10.4837
4G-HCL003E-TGG,106.07871,10.41444
UL_CTH098E_TGG,106.36097,10.49267
UL_MTH036E_TGG,106.361317,10.357384
4G-CBE006E-TGG,106.03293,10.33541
UL_CTH042E_TGG,106.35554,10.49181
4G-HCL001E-TGG,106.07812,10.39236
4G-CTH017E-TGG,106.26871,10.33294
4G-CLA045E-TGG,106.1102,10.40979
UL_MTH025E_TGG,106.35255,10.36633
UL_MTH026E_TGG,106.34767,10.35131
UL_MTH061E_TGG,106.35275,10.35352
4G-CLA047E-TGG,106.13883,10.40484
UL_CLA004E_TGG,106.11806,10.40813
UL_CTH038E_TGG,106.30296,10.4099
4G-CLA012E-TGG,106.12299,10.38911
UL_CTH018E_TGG,106.31199,10.42358
UL_CTH023X_TGG,106.35594,10.4849
4G-CTH002E-TGG,106.35659,10.46843
UL_CTH054E_TGG,106.35154,10.4807
4G-CTH024E-TGG,106.37249,10.495792
UL_MTH024E_TGG,106.35705,10.36453
4G-CTH021E-TGG,106.29963,10.44145
4G-GCO027E-TGG,106.6623,10.3551
4G-GCO013E-TGG,106.67271,10.37049
UL_GCO006E_TGG,106.67553,10.36204
UL_GCO014E_TGG,106.67669,10.35191
4G-GCO018E-TGG,106.685269,10.353578
UL_TPH054E_TGG,106.294889,10.465631
UL_TPH033E_TGG,106.30882,10.4575
UL_CTH702E_TGG,106.35594,10.4849
4G-CTH022E-TGG,106.34585,10.50159
UL_MTH039E_TGG,106.36207,10.35377
UL_TPH047E_TGG,106.32291,10.47501
UL_MTH041E_TGG,106.36933,10.35362
UL_MTH097E_TGG,106.352707,10.35782
UL_MTH048E_TGG,106.39848,10.35294
UL_CTH040E_TGG,106.3322,10.42183
UL_MTH007E_TGG,106.33466,10.35208
4G-CTH035E-TGG,106.34067,10.47872
UL_CTH025E_TGG,106.32969,10.47742
4G-CLA068E-TGG,106.11596,10.41341
4G-HCL044E-TGG,106.09583,10.41197
4G-CTH015E-TGG,106.34142,10.41669
4G-CTH032E-TGG,106.346017,10.457853
UL_MTH099E_TGG,106.3922,10.3563
4G-CTH001E-TGG,106.34357,10.44685
UL_MTH032E_TGG,106.34951,10.33991
4G-GCO005E-TGG,106.68947,10.34278
UL_TPH008E_TGG,106.292211,10.476044
UL_TPH045E_TGG,106.31877,10.46313
4G-GCD006E-TGG,106.71267,10.31994
UL_TPH050E_TGG,106.31014,10.46284
UL_TPH046E_TGG,106.31811,10.47182
4G-CGA013E-TGG,106.45185,10.36886
UL_TPH041E_TGG,106.30198,10.46253
UL_TPH017E_TGG,106.30555,10.46666
UL_MTH001E_TGG,106.38329,10.35322
UL_MTH075E_TGG,106.37981,10.35352
4G-CLA048E-TGG,106.11306,10.44162
4G-CLA033E-TGG,106.11891,10.42074
UL_TPH700E_TGG,106.30555,10.46666
4G-TPH004E-TGG,106.33086,10.54133
UL_MTH049E_TGG,106.39538,10.36011
UL_MTH029E_TGG,106.36275,10.36344
4G-CGA015E-TGG,106.36755,10.38851
UL_MTH065E_TGG,106.385644,10.355448
UL_MTH051E_TGG,106.359525,10.35916
4G-CLA034E-TGG,106.15428,10.41282
UL_MTH028X_TGG,106.36703,10.36091
4G-CTH012E-TGG,106.28082,10.39341
UL_CLA026E_DTP,105.584937,10.466306
4G-CLA004X-DTP,105.63614,10.45703
UL_CLA018E_DTP,105.60539,10.49303
UL_CLA036E_DTP,105.61748,10.48759
UL_CLA015E_DTP,105.59206,10.50023
UL_THO014E_DTP,105.464536,10.871872
UL_THO017E_DTP,105.555578,10.857909
UL_CLA061M_TGG,106.150211,10.395038
UL_CGA021M_TGG,106.38317,10.4232
UL_HCL013M_DTP,105.807674,10.318914
UL_TBI007M_DTP,105.472892,10.61358
UL_HHN025M_DTP,105.326115,10.787544
UL_HNG026M_DTP,105.405966,10.780825
UL_THO005E_DTP,105.498582,10.951358
UL_THO010E_DTP,105.44237,10.936096
UL_HHN010E_DTP,105.280882,10.820962
UL_HNG010E_DTP,105.344878,10.811206
UL_HHN014E_DTP,105.281376,10.796494
UL_CLA040E_DTP,105.64453,10.46943
UL_TPH029E_TGG,106.31442,10.47863
UL_THO009E_DTP,105.524149,10.905056
UL_THO018E_DTP,105.549809,10.885383
UL_THO021E_DTP,105.508306,10.925765
UL_CLA007E_DTP,105.65072,10.45389
UL_CLA011E_DTP,105.605825,10.446841
4G-CLA012E-DTP,105.62334,10.46482
UL_HCL025E_DTP,105.728781,10.393002
UL_HCL035E_DTP,105.745695,10.381437
UL_HCL042E_DTP,105.71748,10.410445
UL_LVO025E_DTP,105.64449,10.397678
UL_LVO019E_DTP,105.636806,10.409733
UL_LVU012E_DTP,105.60813,10.24534
UL_LVU024E_DTP,105.594967,10.253441
UL_LVU015E_DTP,105.66069,10.28797
UL_LVU005E_DTP,105.69062,10.28308
UL_SDE009E_DTP,105.75767,10.28632
UL_SDE022E_DTP,105.75649,10.29171
UL_SDE014E_DTP,105.766499,10.290872
UL_HCL014E_DTP,105.763622,10.363112
UL_CLA029E_DTP,105.656063,10.434709
UL_LVO010E_DTP,105.612947,10.380682
UL_CTH008E_DTP,105.872979,10.260358
UL_CLA013E_DTP,105.64396,10.42655
UL_LVO002E_DTP,105.566073,10.374486
UL_SDE002E_DTP,105.75439,10.27114
4G-TNO013E-DTP,105.505485,10.76661
UL_THO011E_DTP,105.477107,10.932523
UL_THO013E_DTP,105.404174,10.861376
UL_THO023E_DTP,105.420131,10.838134
UL_THO025E_DTP,105.373641,10.895819
UL_THO022E_DTP,105.408032,10.928801
UL_THO006E_DTP,105.428151,10.960672
UL_HNG001E_DTP,105.355122,10.776297
UL_HNG011E_DTP,105.340743,10.805399
UL_HNG022E_DTP,105.357488,10.857155
UL_THO003E_DTP,105.430873,10.908349
UL_CLA022E_DTP,105.641108,10.421023
UL_HCL015E_DTP,105.773218,10.327623
UL_SDE010E_DTP,105.73908,10.28146
UL_SDE020E_DTP,105.71822,10.28012
UL_SDE024E_DTP,105.73615,10.31728
UL_TBI026E_DTP,105.477212,10.565887
UL_CLA031E_DTP,105.56584,10.50154
UL_CLA046E_DTP,105.633833,10.42666
UL_SDE005E_DTP,105.75931,10.31195
UL_SDE008E_DTP,105.746466,10.313469
UL_TBI019E_DTP,105.47645,10.55359
UL_TBI024E_DTP,105.467955,10.592442
UL_TBI022E_DTP,105.461984,10.651203
UL_SDE001E_DTP,105.729873,10.349729
UL_TNO024E_DTP,105.373879,10.720651
UL_TBI017E_DTP,105.489453,10.557687
UL_TNO001E_DTP,105.365133,10.741184
4G-CLA047E-DTP,105.57033,10.49323
UL_TNO002E_DTP,105.38087,10.698785
UL_TBI025E_DTP,105.427228,10.591258
UL_TBI023E_DTP,105.50399,10.550535
UL_HHN007E_DTP,105.313006,10.827807
UL_HHN006E_DTP,105.309335,10.800311
UL_CLA009E_DTP,105.63795,10.46178
UL_CLA032E_DTP,105.641722,10.457436
4G-HCL027E-DTP,105.695046,10.447444
UL_TBI029E_DTP,105.358954,10.641439
UL_TBI021E_DTP,105.390715,10.638183
UL_CLA002E_DTP,105.579732,10.484149
UL_CLA057E_DTP,105.63142,10.466134
UL_TBI009E_DTP,105.424096,10.573365
UL_TBI016E_DTP,105.381344,10.668618
UL_LVO009E_DTP,105.532127,10.314634
UL_LVO021E_DTP,105.515351,10.325209
UL_LVO013E_DTP,105.52317,10.362895
UL_TMU017E_DTP,105.84304,10.52019
UL_TNO003E_DTP,105.401679,10.695249
UL_TBI002E_DTP,105.418107,10.660616
UL_HHN002E_DTP,105.34069,10.843413
UL_HNG009E_DTP,105.363816,10.821075
UL_HNG008E_DTP,105.363867,10.836044
UL_HHN004E_DTP,105.226302,10.834077
UL_HHN008E_DTP,105.214276,10.867067
UL_HHN001E_DTP,105.201657,10.88707
UL_TMU028E_DTP,105.78444,10.65541
UL_Q11005M_HCM,106.64903,10.76909
SR_Q11012M_HCM,106.64884,10.76146
SR_Q11013M_HCM,106.64611,10.756
SR_Q11014M_HCM,106.6486,10.75747
SR_Q11016M_HCM,106.64519,10.75946
UL_Q11019M_HCM,106.63977,10.75625
SR_Q11020M_HCM,106.6371,10.75744
SR_Q11021M_HCM,106.64531,10.7705
SR_Q11022M_HCM,106.6423,10.7622
SR_Q11023M_HCM,106.651081,10.765942
SR_Q11025M_HCM,106.63995,10.76058
UL_Q11026M_HCM,106.6569,10.7731
SR_Q11028M_HCM,106.651875,10.759758
UL_Q11029M_HCM,106.64496,10.76777
UL_Q11035M_HCM,106.64275,10.7719
SR_Q11036M_HCM,106.654449,10.76061
SR_Q11039M_HCM,106.65324,10.76453
UL_Q11040M_HCM,106.64809,10.76668
UL_Q11041M_HCM,106.655149,10.775438
UL_Q11045M_HCM,106.65177,10.76283
SR_Q11055M_HCM,106.64908,10.76409
UL_Q04002M_HCM,106.69587,10.75861
SR_Q04011M_HCM,106.70337,10.7573
SR_Q04016M_HCM,106.693962,10.756151
SR_Q04019M_HCM,106.708304,10.763212
SR_Q04021M_HCM,106.70485,10.76075
UL_Q04022M_HCM,106.69911,10.75454
SR_Q04024M_HCM,106.69852,10.76
UL_Q04031M_HCM,106.70503,10.75397
SR_Q04032M_HCM,106.70152,10.75994
GL_Q04034M_HCM,106.70695,10.75742
SR_Q04036M_HCM,106.70219,10.7544
GL_Q05002M_HCM,106.67161,10.75606
SR_Q05019M_HCM,106.653501,10.752103
SR_Q05026M_HCM,106.651645,10.755535
UL_Q05036M_HCM,106.68169,10.762367
SR_Q05038M_HCM,106.65039,10.75261
SR_Q05047M_HCM,106.65607,10.75125
SR_Q06007M_HCM,106.64484,10.74905
SR_Q06008M_HCM,106.651182,10.750653
UL_Q06016M_HCM,106.63617,10.74857
UL_Q06018M_HCM,106.63609,10.75258
SR_Q06019M_HCM,106.6478,10.753428
SR_Q06029M_HCM,106.64275,10.75298
SR_Q06034M_HCM,106.63865,10.7486
UL_Q06037M_HCM,106.63729,10.75518
UL_Q07015M_HCM,106.70409,10.75156
SR_Q07039M_HCM,106.70341,10.74017
SR_Q07059M_HCM,106.69938,10.74974
UL_Q07060M_HCM,106.69417,10.75128
SR_Q07114M_HCM,106.704252,10.743353
GL_Q11030M_HCM,106.65762,10.76168
GL_Q03069E_HCM,106.68315,10.77457
GL_Q05023E_HCM,106.66485,10.75458
GL_Q05018E_HCM,106.66298,10.75242
GL_Q05030E_HCM,106.67973,10.75444
GL_BTH002E_HCM,106.70606,10.80295
4G-BTH005E-HCM,106.70304,10.80776
GL_BTH026E_HCM,106.70674,10.80868
GL_BTH038E_HCM,106.69877,10.80874
GL_BTH050E_HCM,106.70258,10.80481
GL_Q04001E_HCM,106.7004,10.76394
GL_Q05006E_HCM,106.683775,10.755221
GL_Q05008E_HCM,106.67095,10.75365
GL_Q05011E_HCM,106.67858,10.75684
GL_Q05022E_HCM,106.65908,10.752831
GL_Q05027E_HCM,106.65619,10.75564
GL_Q05031E_HCM,106.67513,10.75826
GL_Q05042E_HCM,106.67507,10.75552
GL_Q05045E_HCM,106.659774,10.755844
GL_Q05051E_HCM,106.68446,10.75752
GL_BTH013E_HCM,106.70083,10.81095
GL_BTH025E_HCM,106.69554,10.80238
GL_BTH065E_HCM,106.698622,10.800694
GL_BTH080E_HCM,106.70622,10.806021
GL_BTH081E_HCM,106.710319,10.803541
GL_Q01013E_HCM,106.688533,10.770351
GL_Q01023E_HCM,106.701912,10.788379
GL_Q01026E_HCM,106.69226,10.78956
GL_Q01039E_HCM,106.695109,10.774876
GL_Q01051E_HCM,106.696885,10.786983
GL_Q01053E_HCM,106.69133,10.763747
GL_Q01059E_HCM,106.70025,10.7859
GL_Q01064E_HCM,106.704617,10.77671
GL_Q01066E_HCM,106.69633,10.7669
GL_Q01067E_HCM,106.687395,10.765982
GL_Q01103E_HCM,106.68913,10.76013
GL_Q01107E_HCM,106.68453,10.76425
GL_Q01111E_HCM,106.68863,10.79102
GL_Q01112E_HCM,106.69138,10.76952
GL_Q03004E_HCM,106.680055,10.779092
GL_Q03007E_HCM,106.67644,10.76875
GL_Q03011E_HCM,106.696376,10.78054
4G-Q03015E-HCM,106.684599,10.785666
GL_Q03021E_HCM,106.69115,10.77597
GL_Q03024E_HCM,106.683994,10.771816
GL_Q03030E_HCM,106.68015,10.78695
4G-Q03033E-HCM,106.68806,10.78428
GL_Q03047E_HCM,106.688311,10.781581
GL_Q03052E_HCM,106.68797,10.77681
GL_Q08055E_HCM,106.689281,10.748728
4G-TPH053E-HCM,106.63194,10.77618
GL_Q05014E_HCM,106.662263,10.758355
GL_Q05016E_HCM,106.68262,10.76025
GL_TPH068E_HCM,106.630863,10.796867
GL_BTH021E_HCM,106.70892,10.80177
GL_BTH006E_HCM,106.698285,10.796491
GL_BTH049E_HCM,106.695192,10.805921
GL_BTH087E_HCM,106.70905,10.79509
4G-BTH088E-HCM,106.69282,10.80287
GL_PNH027E_HCM,106.68079,10.80143
GL_PNH013E_HCM,106.68927,10.79727
GL_PNH029E_HCM,106.6806,10.80653
GL_PNH008E_HCM,106.66932,10.7966
GL_PNH044E_HCM,106.68063,10.80927
GL_Q03005E_HCM,106.680129,10.783002
GL_Q03022E_HCM,106.680614,10.770376
GL_Q03014E_HCM,106.674838,10.788836
GL_Q03029E_HCM,106.68907,10.78772
4G-Q03013E-HCM,106.677001,10.78579
GL_Q01032E_HCM,106.70434,10.7705
GL_Q01031E_HCM,106.70026,10.78046
GL_Q01061E_HCM,106.689483,10.757416
GL_Q01024E_HCM,106.69576,10.76311
GL_Q01088E_HCM,106.69151,10.76077
GL_Q10001E_HCM,106.670622,10.766535
GL_Q10022E_HCM,106.67058,10.76181
GL_Q10020E_HCM,106.667177,10.766964
GL_Q10019E_HCM,106.66451,10.76344
GL_Q10024E_HCM,106.67161,10.76891
UL_Q10035E_HCM,106.66765,10.76383
4G-Q10003E-HCM,106.6739,10.7752
4G-Q10002E-HCM,106.67707,10.77564
GL_Q10058E_HCM,106.67461,10.76264
GL_TBI034E_HCM,106.64979,10.795881
GL_TBI006E_HCM,106.64243,10.792643
4G-TBI061E-HCM,106.64631,10.79757
GL_TBI048E_HCM,106.668215,10.807121
GL_TBI050E_HCM,106.66282,10.80009
GL_PNH011E_HCM,106.673641,10.807954
GL_Q03027E_HCM,106.69233,10.78666
GL_Q03032E_HCM,106.68471,10.78027
GL_Q03034E_HCM,106.68767,10.77432
GL_Q05012E_HCM,106.667107,10.750954
GL_TBI013E_HCM,106.651963,10.800644
GL_TBI018E_HCM,106.646189,10.801132
GL_TBI024E_HCM,106.66027,10.797443
GL_TBI040E_HCM,106.64351,10.79703
GL_TBI049E_HCM,106.66656,10.80284
GL_TBI065E_HCM,106.65268,10.792427
GL_TBI066E_HCM,106.65458,10.79694
GL_TPH069E_HCM,106.636789,10.796818
GL_TPH002M_HCM,106.639702,10.787902
SR_TPH016M_HCM,106.637326,10.772809
UL_TPH041M_HCM,106.638309,10.782665
SR_TPH044M_HCM,106.63411,10.79018
SR_TPH048M_HCM,106.64032,10.77408
UL_TPH050M_HCM,106.63601,10.78697
SR_TPH057M_HCM,106.636835,10.776168
UL_TPH071M_HCM,106.639385,10.791942
UL_TPH075M_HCM,106.63735,10.78921
UL_BTH078M_HCM,106.700531,10.794644
UL_BTH112M_HCM,106.70148,10.800939
SR_PNH006M_HCM,106.683801,10.796351
SR_PNH012M_HCM,106.67518,10.795569
UL_PNH039M_HCM,106.6852,10.8021
SR_Q01018M_HCM,106.70148,10.78263
UL_Q01060M_HCM,106.70598,10.78596
SR_Q01068M_HCM,106.699566,10.788977
SR_Q01109M_HCM,106.69425,10.79139
4G-Q03031M-HCM,106.66965,10.78785
UL_Q10016M_HCM,106.65928,10.76785
SR_Q10021M_HCM,106.66564,10.75955
4G-Q11018M-HCM,106.64002,10.76822
GL_Q10033E_HCM,106.67397,10.76583
4G-PNH023X-HCM,106.6771,10.8089
SR_Q07158M_HCM,106.71277,10.74425
SR_Q08015M_HCM,106.684481,10.748372
UL_Q08016M_HCM,106.66607,10.74735
UL_Q08048M_HCM,106.66187,10.7473
SR_TPH008M_HCM,106.62791,10.7919
SR_Q10009M_HCM,106.6687,10.7699
SR_Q10011M_HCM,106.6715,10.7773
SR_Q10014M_HCM,106.67154,10.773301
SR_Q10015M_HCM,106.65733,10.77724
GL_Q10018M_HCM,106.66345,10.767357
UL_Q10023M_HCM,106.663,10.7704
SR_Q10025M_HCM,106.66879,10.77441
SR_Q10031M_HCM,106.6644,10.7782
SR_Q10032M_HCM,106.667901,10.779986
UL_Q10034M_HCM,106.664556,10.781477
SR_Q03003M_HCM,106.67675,10.78131
SR_Q03037M_HCM,106.68045,10.79082
SR_Q03043M_HCM,106.678372,10.789677
UL_Q03044M_HCM,106.67291,10.78601
SR_Q03080M_HCM,106.67302,10.78307
SR_Q10045M_HCM,106.6678,10.7767
SR_Q10046M_HCM,106.667056,10.785508
SR_Q10050M_HCM,106.67287,10.78022
GL_Q10051M_HCM,106.6666,10.7831
SR_Q10052M_HCM,106.66225,10.78115
SR_Q10060M_HCM,106.66584,10.76992
SR_Q10062M_HCM,106.66229,10.77354
GL_Q01014M_HCM,106.69265,10.76691
SR_Q01137M_HCM,106.68652,10.79469
UL_TBI001M_HCM,106.6493,10.7731
GL_TBI002M_HCM,106.64408,10.78171
GL_TBI017M_HCM,106.64266,10.78873
UL_Q05035M_HCM,106.679983,10.763221
SR_TBI026M_HCM,106.6499,10.77676
SR_TBI028M_HCM,106.65746,10.79446
4G-Q11027M-HCM,106.64516,10.763963
GL_Q11054M_HCM,106.642388,10.755671
SR_TBI029M_HCM,106.666511,10.795225
SR_TBI030M_HCM,106.6503,10.7838
GL_TBI031M_HCM,106.65132,10.77082
UL_TBI032M_HCM,106.65543,10.78107
SR_TBI033M_HCM,106.65318,10.77949
UL_TBI035M_HCM,106.65753,10.78433
GL_TBI036M_HCM,106.64452,10.78481
SR_TBI038M_HCM,106.66677,10.79795
SR_TBI055M_HCM,106.65664,10.80243
SR_TPH001M_HCM,106.6453,10.776805
UL_TPH032M_HCM,106.63249,10.78405
UL_TPH056M_HCM,106.63641,10.779249
UL_TPH059M_HCM,106.63538,10.78196
LN-TPH061M-HCM,106.633049,10.787634
SR_TBI056M_HCM,106.647331,10.792479
SR_TBI059M_HCM,106.65228,10.77488
LN-TBI060M-HCM,106.63985,10.79459
SR_TBI068M_HCM,106.66681,10.80889
UL_TBI071M_HCM,106.65621,10.80011
UL_TBI073M_HCM,106.6597,10.79227
GL_TBI074M_HCM,106.6635,10.78968
UL_TBI075M_HCM,106.65731,10.78738
UL_TBI079M_HCM,106.65355,10.78424
SR_TBI080M_HCM,106.64714,10.77982
UL_TBI081M_HCM,106.64831,10.78581
4G-TBI082M-HCM,106.64542,10.78714
UL_TBI084M_HCM,106.65199,10.7897
UL_TPH073M_HCM,106.63085,10.7914
SR_TPH074M_HCM,106.63411,10.79344
UL_TPH137M_HCM,106.6312,10.7885
SR_BTH045M_HCM,106.686634,10.806705
UL_BTH075M_HCM,106.694339,10.810127
UL_BTH085M_HCM,106.70822,10.81145
SR_PNH010M_HCM,106.66596,10.790132
SR_PNH014M_HCM,106.692488,10.799219
SR_PNH015M_HCM,106.67528,10.80002
4G-TBI085M-HCM,106.64509,10.79049
UL_TBI087M_HCM,106.65265,10.79568
SR_TBI106M_HCM,106.66434,10.7924
UL_TBI115M_HCM,106.6603,10.7856
SR_PNH017M_HCM,106.67013,10.79156
SR_PNH020M_HCM,106.6812,10.7941
SR_PNH026M_HCM,106.68108,10.79766
SR_PNH030M_HCM,106.683,10.8038
4G-PNH031M-HCM,106.67863,10.79871
